Post ID,Post Date,Content Type,Category,Posting Time,Views,Likes,Comments,Shares,Saves,Followers Gained,Engagement Rate,Calculated Engagement Rate,Views Score,Likes Score,Comments Score,Shares Score,Saves Score,Followers Gained Score,Performance Score,Performance Level
P001,2026-01-01,Reel,Art,5:00 PM,6177,528,50,24,61,9,10.733365711510443,10.733365711510443,5.960806570074113,8.908238446081715,12.5,1.1947431302270013,6.951871657754011,1.3888888888888888,5.912328916814456,Low Performance
P002,2026-01-04,Reel,Entertainment,8:30 PM,5965,418,30,36,96,24,9.72338642078793,9.72338642078793,5.606930626961341,6.452333110069213,6.402439024390244,2.6284348864994027,13.19073083778966,6.597222222222222,6.51415072941462,Low Performance
P003,2026-01-07,Reel,Educational,6:30 PM,10325,522,27,127,128,36,7.786924939467313,7.786924939467313,12.884756626827803,8.774279973208305,5.487804878048781,13.500597371565112,18.89483065953654,10.76388888888889,11.561384051382824,Medium Performance
P004,2026-01-10,Image,Entertainment,11:30 AM,13365,1105,109,93,89,22,10.445192667414888,10.445192667414888,17.959204112973225,21.790578254074568,30.48780487804878,9.438470728793309,11.942959001782532,5.902777777777778,16.1133559011249,Medium Performance
P005,2026-01-13,Reel,Devotional,11:30 AM,15678,1303,71,110,108,39,10.15435642301314,10.15435642301314,21.820124190425318,26.211207858897072,18.902439024390244,11.469534050179211,15.32976827094474,11.805555555555555,18.71956407456954,Medium Performance
P006,2026-01-16,Image,Art,8:30 PM,8650,474,40,120,112,26,8.624277456647398,8.624277456647398,10.088802831007545,7.702612190221031,9.451219512195122,12.664277180406213,16.0427807486631,7.291666666666667,9.841324364806246,Medium Performance
P007,2026-01-19,Reel,Art,3:00 PM,12218,746,42,163,198,30,9.404157799967262,9.404157799967262,16.04460172264138,13.775396293815584,10.060975609756099,17.801672640382318,31.372549019607842,8.680555555555555,15.228090613641267,Medium Performance
P008,2026-01-22,Reel,Educational,9:00 PM,10460,808,75,80,127,29,10.420650095602294,10.420650095602294,13.110102156640183,15.159633846840812,20.121951219512198,7.885304659498208,18.71657754010695,8.333333333333332,13.304007424938618,Medium Performance
P009,2026-01-25,Image,Nature,8:00 PM,16742,1383,126,127,81,48,10.255644486919126,10.255644486919126,23.596180810576218,27.99732083054253,35.670731707317074,13.500597371565112,10.51693404634581,14.930555555555555,21.63325583291528,Medium Performance
P010,2026-01-28,Image,Entertainment,5:00 PM,6332,289,44,66,72,10,7.438408085912823,7.438408085912823,6.21953662282166,3.5722259432909134,10.670731707317072,6.212664277180406,8.9126559714795,1.7361111111111112,5.5071335933246015,Low Performance
P011,2026-01-31,Reel,Art,5:00 PM,29234,2577,257,332,324,62,11.93815420400903,11.93815420400903,44.44815383588169,54.65505693235097,75.60975609756098,37.992831541218635,53.83244206773619,19.791666666666664,44.96729384121962,High Performance
P012,2026-02-03,Reel,Entertainment,8:30 PM,8153,747,46,24,69,13,10.867165460566662,10.867165460566662,9.25919743606864,13.797722705961151,11.28048780487805,1.1947431302270013,8.377896613190732,2.7777777777777777,8.178172082397957,Medium Performance
P013,2026-02-06,Image,Devotional,3:00 PM,2606,129,18,31,46,7,8.595548733691482,8.595548733691482,0.0,0.0,2.7439024390243905,2.031063321385902,4.27807486631016,0.6944444444444444,1.044192951560934,Low Performance
P014,2026-02-09,Reel,Educational,8:00 PM,8324,480,48,91,56,17,8.109082172032677,8.109082172032677,9.54463510716432,7.83657066309444,11.890243902439025,9.19952210274791,6.0606060606060606,4.166666666666666,7.979075204680817,Medium Performance
P015,2026-02-12,Image,Devotional,7:30 PM,21365,1671,130,65,297,35,10.124034636087059,10.124034636087059,31.313013287040125,34.42732752846617,36.890243902439025,6.093189964157706,49.01960784313725,10.416666666666668,27.563006996111998,High Performance
P016,2026-02-15,Reel,Art,6:30 PM,5873,454,41,74,70,14,10.880299676485611,10.880299676485611,5.453361821459572,7.256083947309667,9.75609756097561,7.168458781362006,8.55614973262032,3.125,6.260295943395598,Low Performance
P017,2026-02-18,Reel,Educational,3:00 PM,3850,271,20,42,51,19,9.974025974025974,9.974025974025974,2.0765173265674033,3.1703505246706856,3.353658536585366,3.345280764635603,5.169340463458111,4.861111111111112,3.4160755015944884,Low Performance
P018,2026-02-21,Reel,Educational,6:30 PM,24088,1732,119,146,180,106,9.037695117901029,9.037695117901029,35.85831608466315,35.789238669345835,33.53658536585366,15.770609318996415,28.16399286987522,35.06944444444444,32.67635020362953,High Performance
P019,2026-02-24,Reel,Entertainment,11:30 AM,4543,208,12,51,33,9,6.691613471274488,6.691613471274488,3.2332910462709488,1.7637865594998883,0.9146341463414633,4.4205495818399045,1.9607843137254901,1.3888888888888888,2.330119207749726,Low Performance
P020,2026-02-27,Reel,Educational,9:00 AM,5600,341,41,44,55,23,8.589285714285715,8.589285714285715,4.997663083394539,4.73319937486046,9.75609756097561,3.584229390681003,5.88235294117647,6.25,5.618206789273762,Low Performance
P021,2026-03-02,Image,Entertainment,9:00 PM,10707,621,25,118,51,21,7.611842719716074,7.611842719716074,13.522401014889498,10.984594775619557,4.878048780487805,12.425328554360812,5.169340463458111,5.555555555555555,9.612022150532546,Medium Performance
P022,2026-03-05,Reel,Educational,8:00 PM,19992,1920,49,74,321,72,11.824729891956782,11.824729891956782,29.021165787540898,39.98660415271266,12.195121951219512,7.168458781362006,53.297682709447415,23.26388888888889,28.62257468878547,High Performance
P023,2026-03-08,Image,Entertainment,3:00 PM,6542,537,32,61,74,35,10.761235096300826,10.761235096300826,6.570074113640915,9.109176155391827,7.01219512195122,5.615292712066906,9.269162210338681,10.416666666666668,8.065855802939653,Medium Performance
P024,2026-03-11,Reel,Devotional,3:00 PM,9413,602,68,35,98,40,8.530755338361839,8.530755338361839,11.362422380984176,10.560392944853762,17.98780487804878,2.5089605734767026,13.547237076648841,12.152777777777777,11.355761111638994,Medium Performance
P025,2026-03-14,Image,Art,8:00 PM,4974,327,12,28,39,12,8.162444712505026,8.162444712505026,3.952727515523803,4.420629604822505,0.9146341463414633,1.6726403823178015,3.0303030303030303,2.430555555555556,3.117813042628983,Low Performance
P026,2026-03-17,Reel,Devotional,8:30 PM,27447,2327,235,122,154,50,10.339927860968412,10.339927860968412,41.465246711624495,49.07345389595892,68.90243902439023,12.903225806451612,23.52941176470588,15.625,35.91277245223391,High Performance
P027,2026-03-20,Reel,Devotional,5:00 PM,12914,1242,71,74,215,26,12.405141706674927,12.405141706674927,17.206383120785205,24.849296718017413,18.902439024390244,7.168458781362006,34.40285204991088,7.291666666666667,17.63748259873869,Medium Performance
P028,2026-03-23,Reel,Devotional,9:00 AM,3495,191,17,37,41,5,8.183118741058655,8.183118741058655,1.4839420444681846,1.3842375530252289,2.4390243902439024,2.7479091995221028,3.3868092691622103,0.0,1.5794044098383226,Low Performance
P029,2026-03-26,Image,Nature,8:00 PM,3283,176,9,20,54,11,7.889125799573561,7.889125799573561,1.1300661013554116,1.0493413708417059,0.0,0.7168458781362007,5.704099821746881,2.083333333333333,1.6076493412299393,Low Performance
P030,2026-03-29,Image,Devotional,3:00 PM,8493,779,69,63,107,20,11.986341693159073,11.986341693159073,9.826734325966482,14.512167894619335,18.29268292682927,5.854241338112306,15.151515151515152,5.208333333333334,10.821964485026152,Medium Performance
P031,2026-04-01,Image,Nature,1:00 PM,18253,1185,155,215,293,80,10.124363118391496,10.124363118391496,26.118381518328103,23.576691225720026,44.51219512195122,24.014336917562723,48.3065953654189,26.041666666666668,29.44249877446906,High Performance
P032,2026-04-04,Reel,Art,7:00 PM,17826,1784,79,214,288,54,13.267137888477503,13.267137888477503,25.405621953662283,36.95021210091538,21.341463414634145,23.894862604540023,47.41532976827095,17.01388888888889,27.67967236280405,High Performance
P033,2026-04-07,Reel,Educational,6:30 PM,15098,1260,72,208,173,86,11.34587362564578,11.34587362564578,20.85197302530547,25.25117213663764,19.20731707317073,23.178016726403825,26.916221033868094,28.125,23.860981818263433,Medium Performance
P034,2026-04-10,Reel,Devotional,1:00 PM,17907,1272,127,115,223,57,9.700117272574971,9.700117272574971,25.540829271549708,25.51908908238446,35.97560975609756,12.066905615292713,35.82887700534759,18.055555555555554,24.7643169467267,Medium Performance
P035,2026-04-13,Reel,Entertainment,3:00 PM,5612,427,42,59,96,25,11.119030648610122,11.119030648610122,5.017693797155639,6.653270819379325,10.060975609756099,5.376344086021505,13.19073083778966,6.944444444444445,7.087656245268173,Low Performance
P036,2026-04-16,Reel,Educational,11:30 AM,16804,1425,48,216,186,76,11.158057605332065,11.158057605332065,23.699672831675237,28.935030140656398,11.890243902439025,24.133811230585426,29.233511586452764,24.65277777777778,24.353220105137133,Medium Performance
P037,2026-04-19,Reel,Devotional,8:00 PM,8059,446,48,60,126,17,8.437771435661993,8.437771435661993,9.102290178273352,7.077472650145121,11.890243902439025,5.4958183990442055,18.538324420677363,4.166666666666666,8.571953589060424,Medium Performance
P038,2026-04-22,Reel,Entertainment,8:30 PM,16911,1279,127,229,241,72,11.093371178522855,11.093371178522855,23.87828002937838,25.675373967403438,35.97560975609756,25.686977299880525,39.037433155080215,23.26388888888889,27.02133860117781,Medium Performance
P039,2026-04-25,Reel,Entertainment,6:30 PM,8680,507,29,28,64,20,7.235023041474655,7.235023041474655,10.138879615410296,8.439383791024783,6.097560975609756,1.6726403823178015,7.4866310160427805,5.208333333333334,7.2968905468917455,Low Performance
P040,2026-04-28,Image,Art,7:30 PM,8275,729,38,61,50,35,10.610271903323262,10.610271903323262,9.462843025973159,13.395847287340926,8.841463414634147,5.615292712066906,4.991087344028521,10.416666666666668,9.546140045666425,Medium Performance
P041,2026-05-01,Image,Art,7:00 PM,4446,338,10,25,70,14,9.964012595591543,9.964012595591543,3.071376110035388,4.666220138423755,0.3048780487804878,1.3142174432497014,8.55614973262032,3.125,3.4971813831604184,Low Performance
P042,2026-05-04,Image,Entertainment,8:00 PM,8737,625,67,111,87,42,10.186562893441685,10.186562893441685,10.234025505775522,11.073900424201831,17.682926829268293,11.589008363201913,11.58645276292335,12.847222222222221,11.940270976556823,Medium Performance
P043,2026-05-07,Reel,Nature,7:30 PM,11592,1054,65,114,90,22,11.41304347826087,11.41304347826087,14.99966615477065,20.651931234650593,17.073170731707318,11.947431302270012,12.121212121212121,5.902777777777778,13.925023064435814,Medium Performance
P044,2026-05-10,Reel,Devotional,6:30 PM,13391,725,46,101,115,31,7.370622059592264,7.370622059592264,18.00260399278894,13.30654163875865,11.28048780487805,10.39426523297491,16.577540106951872,9.027777777777777,13.692874395624452,Medium Performance
P045,2026-05-13,Reel,Educational,7:00 PM,24088,2190,112,73,214,111,10.748090335436732,10.748090335436732,35.85831608466315,46.014735432016074,31.402439024390244,7.048984468339308,34.22459893048128,36.80555555555556,34.58915526523435,High Performance
P046,2026-05-16,Image,Educational,8:00 PM,12021,1188,65,72,129,42,12.09549954246735,12.09549954246735,15.715764171729987,23.64367046215673,17.073170731707318,6.929510155316606,19.073083778966133,12.847222222222221,16.320484254993794,Medium Performance
P047,2026-05-19,Reel,Educational,1:00 PM,16218,1335,35,118,193,26,10.365026513750154,10.365026513750154,22.721506309674837,26.925653047555258,7.926829268292683,12.425328554360812,30.481283422459892,7.291666666666667,18.74325996025817,Medium Performance
P048,2026-05-22,Reel,Nature,7:30 PM,6387,412,46,45,92,26,9.31579771410678,9.31579771410678,6.31134406089337,6.318374637195803,11.28048780487805,3.7037037037037033,12.4777183600713,7.291666666666667,7.361602465905811,Low Performance
P049,2026-05-25,Reel,Art,7:30 PM,4948,289,12,66,22,6,7.861762328213421,7.861762328213421,3.9093276357080855,3.5722259432909134,0.9146341463414633,6.212664277180406,0.0,0.3472222222222222,2.66941776616724,Low Performance
P050,2026-05-28,Reel,Art,8:30 PM,6925,705,36,40,63,31,12.187725631768952,12.187725631768952,7.209387727849369,12.860013395847286,8.231707317073171,3.106332138590203,7.308377896613191,9.027777777777777,8.40501628830748,Medium Performance
P051,2026-05-31,Image,Art,1:00 PM,4348,202,18,45,75,9,7.8196872125115,7.8196872125115,2.907791947653068,1.6298280866264792,2.7439024390243905,3.7037037037037033,9.44741532976827,1.3888888888888888,3.0655831266486304,Low Performance
P052,2026-06-03,Reel,Art,8:30 PM,21148,1334,143,250,320,71,9.679402307546813,9.679402307546813,30.95079121319356,26.90332663540969,40.853658536585364,28.19593787335723,53.11942959001783,22.916666666666664,31.466138624369382,High Performance
P053,2026-06-06,Reel,Entertainment,7:00 PM,17932,1721,139,74,312,85,12.525094802587553,12.525094802587553,25.582559925218668,35.54364813574459,39.63414634146341,7.168458781362006,51.69340463458111,27.77777777777778,30.188654136010733,High Performance
P054,2026-06-09,Image,Nature,7:00 PM,4917,300,37,43,52,12,8.785845027455766,8.785845027455766,3.8575816251585766,3.8178164768921636,8.536585365853659,3.464755077658303,5.347593582887701,2.430555555555556,4.141842296677083,Low Performance
P055,2026-06-12,Image,Devotional,6:30 PM,15905,1145,115,147,212,42,10.179188934297391,10.179188934297391,22.199038525739468,22.6836347398973,32.31707317073171,15.890083632019117,33.8680926916221,12.847222222222221,21.973407899583037,Medium Performance
P056,2026-06-15,Reel,Devotional,1:00 PM,12788,1250,88,77,52,72,11.471692211448232,11.471692211448232,16.996060626293648,25.02790801518196,24.085365853658537,7.526881720430108,5.347593582887701,23.26388888888889,18.4531616843999,Medium Performance
P057,2026-06-18,Reel,Educational,7:30 PM,20485,1525,154,82,145,74,9.304369050524775,9.304369050524775,29.84409427789277,31.167671355213216,44.207317073170735,8.124253285543608,21.92513368983957,23.958333333333336,27.40409962593253,High Performance
P058,2026-06-21,Reel,Entertainment,6:30 PM,14656,1143,65,117,121,33,9.866266375545852,9.866266375545852,20.11417506843827,22.638981915606163,17.073170731707318,12.305854241338112,17.647058823529413,9.722222222222223,17.209101727754643,Medium Performance
P059,2026-06-24,Image,Devotional,11:30 AM,9969,559,35,83,141,42,8.205436854248168,8.205436854248168,12.290512118581825,9.60035722259433,7.926829268292683,8.24372759856631,21.21212121212121,12.847222222222221,11.914937332435878,Medium Performance
P060,2026-06-27,Reel,Devotional,11:30 AM,15678,718,89,94,276,40,7.507335119275418,7.507335119275418,21.820124190425318,13.150256753739676,24.390243902439025,9.55794504181601,45.27629233511586,12.152777777777777,19.52909229136818,Medium Performance
P061,2026-06-30,Reel,Nature,9:00 PM,62514,4608,274,851,471,293,9.924176984355505,9.924176984355505,100.0,100.0,80.79268292682927,100.0,80.03565062388593,100.0,96.08283335507151,High Performance
P062,2026-07-03,Reel,Art,7:00 PM,31062,2446,128,432,175,139,10.240808705170304,10.240808705170304,47.49949923215597,51.73029694128154,36.28048780487805,49.94026284348865,27.27272727272727,46.52777777777778,45.25081250556805,High Performance
P063,2026-07-06,Reel,Entertainment,3:00 PM,15676,1121,125,217,129,58,10.15565195202858,10.15565195202858,21.816785738131802,22.147800848403662,35.36585365853659,24.253285543608126,19.073083778966133,18.40277777777778,22.524373744786914,Medium Performance
P064,2026-07-09,Reel,Art,3:00 PM,11154,607,35,42,45,22,6.5357719203873055,6.5357719203873055,14.268545102490485,10.672025005581604,7.926829268292683,3.345280764635603,4.09982174688057,5.902777777777778,9.13271726539991,Medium Performance
P065,2026-07-12,Reel,Devotional,9:00 AM,7256,357,26,42,109,19,7.359426681367144,7.359426681367144,7.761901582426386,5.090421969189551,5.182926829268292,3.345280764635603,15.508021390374333,4.861111111111112,6.722499989215871,Low Performance
P066,2026-07-15,Image,Nature,7:00 PM,3897,387,30,14,24,11,11.675647934308442,11.675647934308442,2.1549709554650462,5.760214333556597,6.402439024390244,0.0,0.35650623885918004,2.083333333333333,2.8910953463424423,Low Performance
P067,2026-07-18,Image,Entertainment,5:00 PM,5397,465,37,72,59,20,11.728738187882156,11.728738187882156,4.658810175602591,7.501674480910918,8.536585365853659,6.929510155316606,6.59536541889483,5.208333333333334,6.145790709536136,Low Performance
P068,2026-07-21,Reel,Art,7:00 PM,17168,1763,134,160,297,122,13.711556383970178,13.711556383970178,24.307271149095282,36.48135744585845,38.109756097560975,17.44324970131422,49.01960784313725,40.625,33.17071419810152,High Performance
P069,2026-07-24,Reel,Devotional,8:30 PM,7167,442,64,55,110,32,9.362355239291196,9.362355239291196,7.613340455364893,6.988167001562849,16.76829268292683,4.898446833930705,15.686274509803921,9.375,9.291936939588183,Medium Performance
P070,2026-07-27,Reel,Educational,6:30 PM,14479,1254,58,193,222,61,11.927619310725879,11.927619310725879,19.818722040462042,25.117213663764232,14.939024390243901,21.385902031063324,35.650623885918,19.444444444444446,22.05550326450287,Medium Performance
P071,2026-07-30,Reel,Devotional,5:00 PM,9163,865,18,115,95,18,11.928407726727054,11.928407726727054,10.945115844294586,16.4322393391382,2.7439024390243905,12.066905615292713,13.01247771836007,4.513888888888888,10.25508897616151,Medium Performance
P072,2026-08-02,Reel,Entertainment,7:30 PM,14994,792,60,190,161,18,8.023209283713486,8.023209283713486,20.6783735060426,14.802411252511721,15.548780487804878,21.02747909199522,24.777183600713013,4.513888888888888,16.202116398144213,Medium Performance
P073,2026-08-05,Reel,Nature,1:00 PM,8476,428,75,110,88,12,8.270410571024069,8.270410571024069,9.798357481471589,6.675597231524893,20.121951219512198,11.469534050179211,11.76470588235294,2.430555555555556,9.096356917062002,Medium Performance
P074,2026-08-08,Image,Educational,5:00 PM,5968,417,32,48,62,10,9.366621983914209,9.366621983914209,5.611938305401616,6.430006697923643,7.01219512195122,4.062126642771804,7.130124777183601,1.7361111111111112,5.137249707618098,Low Performance
P075,2026-08-11,Reel,Entertainment,8:00 PM,28533,2636,139,378,316,159,12.157852311358777,12.157852311358777,43.278026307004076,55.972315248939495,39.63414634146341,43.48864994026284,52.406417112299465,53.47222222222222,48.42523672573614,High Performance
P076,2026-08-14,Reel,Devotional,8:30 PM,24315,1597,142,218,252,57,9.084926999794366,9.084926999794366,36.2372304199773,32.77517302969413,40.54878048780488,24.372759856630825,40.998217468805706,18.055555555555554,31.62929062436727,High Performance
P077,2026-08-17,Reel,Nature,8:30 PM,43908,3833,337,318,583,226,11.54914821900337,11.54914821900337,68.9423783134139,82.69703058718464,100.0,36.32019115890084,100.0,76.73611111111111,76.2013609495734,High Performance
P078,2026-08-20,Image,Educational,9:00 AM,2834,227,22,35,28,10,11.009174311926607,11.009174311926607,0.3805835614609067,2.1879883902656845,3.9634146341463414,2.5089605734767026,1.06951871657754,1.7361111111111112,1.6531843611336896,Low Performance
P079,2026-08-23,Reel,Nature,7:00 PM,22527,2323,98,239,295,140,13.117592222666133,13.117592222666133,33.252654069573346,48.984148247376645,27.134146341463417,26.881720430107524,48.663101604278076,46.875,39.41552270793224,High Performance
P080,2026-08-26,Image,Entertainment,7:00 PM,6430,477,37,62,46,24,9.673405909797824,9.673405909797824,6.38312078520398,7.769591426657736,8.536585365853659,5.734767025089606,4.27807486631016,6.597222222222222,6.643241691062528,Low Performance
P081,2026-08-29,Reel,Nature,11:30 AM,12735,1110,34,61,104,20,10.27875932469572,10.27875932469572,16.907591640515456,21.90221031480241,7.621951219512195,5.615292712066906,14.616755793226382,5.208333333333334,13.279786194262334,Medium Performance
P082,2026-09-01,Reel,Art,5:00 PM,8405,646,50,98,53,14,10.07733491969066,10.07733491969066,9.679842425051746,11.542755079258763,12.5,10.03584229390681,5.525846702317291,3.125,8.643672642989687,Medium Performance
P083,2026-09-04,Image,Entertainment,9:00 PM,5276,310,34,42,70,21,8.642911296436695,8.642911296436695,4.456833811844828,4.041080598347845,7.621951219512195,3.345280764635603,8.55614973262032,5.555555555555555,5.208715546010941,Low Performance
P084,2026-09-07,Reel,Devotional,9:00 PM,15929,1327,79,91,252,38,10.979973632996423,10.979973632996423,22.239099953261668,26.74704175039071,21.341463414634145,9.19952210274791,40.998217468805706,11.458333333333332,21.46672530134209,Medium Performance
P085,2026-09-10,Reel,Educational,11:30 AM,6667,418,45,21,104,16,8.819559022048898,8.819559022048898,6.778727381985711,6.452333110069213,10.975609756097562,0.8363201911589008,14.616755793226382,3.8194444444444446,6.73084229954673,Low Performance
P086,2026-09-13,Reel,Art,8:30 PM,24017,2231,150,165,310,107,11.891576799766831,11.891576799766831,35.739801028243306,46.930118329984374,42.98780487804878,18.040621266427717,51.33689839572193,35.41666666666667,38.42782976182305,High Performance
P087,2026-09-16,Reel,Nature,9:00 PM,8805,629,53,97,46,20,9.369676320272573,9.369676320272573,10.347532883755092,11.163206072784105,13.414634146341465,9.91636798088411,4.27807486631016,5.208333333333334,9.139475445703587,Medium Performance
P088,2026-09-19,Image,Nature,3:00 PM,2882,281,13,24,22,7,11.79736294240111,11.79736294240111,0.46070641650530814,3.3936146461263674,1.2195121951219512,1.1947431302270013,0.0,0.6944444444444444,1.19724927560065,Low Performance
P089,2026-09-22,Image,Educational,5:00 PM,7915,738,41,30,115,21,11.674036639292483,11.674036639292483,8.861921613140149,13.596784996651037,9.75609756097561,1.911589008363202,16.577540106951872,5.555555555555555,9.31356726201243,Medium Performance
P090,2026-09-25,Reel,Educational,8:00 PM,9629,504,44,108,73,20,7.570879634437637,7.570879634437637,11.722975228683982,8.372404554588078,10.670731707317072,11.230585424133812,9.090909090909092,5.208333333333334,9.332262768425474,Medium Performance
P091,2026-09-28,Reel,Devotional,11:30 AM,12691,998,106,68,61,54,9.715546450240328,9.715546450240328,16.83414569005809,19.401652154498773,29.573170731707314,6.451612903225806,6.951871657754011,17.01388888888889,16.63101744496367,Medium Performance
P092,2026-10-01,Image,Devotional,9:00 PM,26508,1377,96,236,250,55,7.390221819827976,7.390221819827976,39.89784335981839,27.863362357669125,26.52439024390244,26.523297491039425,40.64171122994652,17.36111111111111,30.383187598190403,High Performance
P093,2026-10-04,Image,Entertainment,7:00 PM,10056,702,27,84,97,46,9.049323786793954,9.049323786793954,12.435734793349804,12.793034159410583,5.487804878048781,8.363201911589007,13.368983957219251,14.23611111111111,11.858548566794983,Medium Performance
P094,2026-10-07,Reel,Devotional,3:00 PM,11467,1190,52,148,149,25,13.421121479026773,13.421121479026773,14.791012886425852,23.68832328644787,13.109756097560975,16.009557945041816,22.63814616755793,6.944444444444445,15.73960343312229,Medium Performance
P095,2026-10-10,Reel,Art,7:30 PM,7736,358,58,43,44,16,6.502068252326784,6.502068252326784,8.563130132870402,5.11274838133512,14.939024390243901,3.464755077658303,3.9215686274509802,3.8194444444444446,6.587912414552353,Low Performance
P096,2026-10-13,Reel,Entertainment,3:00 PM,10670,690,32,137,43,42,8.45360824742268,8.45360824742268,13.460639647459438,12.525117213663764,7.01219512195122,14.695340501792115,3.7433155080213902,12.847222222222221,11.657744894591502,Medium Performance
P097,2026-10-16,Reel,Nature,8:00 PM,10207,540,46,119,124,12,8.121877143137063,8.121877143137063,12.687787941510315,9.176155391828534,11.28048780487805,12.544802867383511,18.181818181818183,2.430555555555556,10.328389457337886,Medium Performance
P098,2026-10-19,Reel,Nature,7:00 PM,10927,729,67,87,77,35,8.785577011073489,8.785577011073489,13.889630767176337,13.395847287340926,17.682926829268293,8.72162485065711,9.803921568627452,10.416666666666668,12.550239345809706,Medium Performance
P099,2026-10-22,Image,Entertainment,5:00 PM,5552,260,49,68,55,7,7.780979827089338,7.780979827089338,4.917540228350137,2.9247599910694353,12.195121951219512,6.451612903225806,5.88235294117647,0.6944444444444444,4.652011735169997,Low Performance
P100,2026-10-25,Reel,Educational,11:30 AM,4238,222,26,40,59,9,8.187824445493156,8.187824445493156,2.724177071509648,2.0763563295378433,5.182926829268292,3.106332138590203,6.59536541889483,1.3888888888888888,2.9987646038135733,Low Performance
